Title,Text,Image,Label
"Domino’s Pizza Announces New Meal Deal, Loyalty Program, and Expansion Plans","Following a sluggish start to the year, Domino’s Pizza has announced plans to launch a new meal deal and a customer loyalty program. The company’s chief executive, Andrew Rennie, stated that the slow start was partly due to a strategic decision to limit marketing efforts during January, traditionally a quieter period for the business. The company is now set to ramp up its promotional activities with the introduction of a £4 lunch offer. This deal, expected to be launched in the coming weeks, will include smaller items from the menu such as pizzas, wraps, and cookies. In addition to the new meal deal, the pizza chain is also planning to roll out a loyalty program for regular customers later this year. While details of the program remain under wraps due to market sensitivity, Rennie expressed confidence in the initiative, stating that the data-driven approach to its development indicates it will be a strong offering. Despite the slow start to the year, Domino’s reported a slight increase in its market share last year, rising from 7.1% to 7.2%. The company opened 61 new pizza shops and has plans to open an additional 70 this year. By 2028, the business aims to operate 1,600 sites in the UK and Ireland, and 2,000 by 2033. In a separate announcement, Domino’s revealed the acquisition of Shorecal Limited, the largest Domino’s franchise in Ireland. The €72 million (£62 million) deal will see it take over 34 of the 99 Domino’s sites currently operating in the Republic and Northern Ireland.","dominos pizza announces new meal deal, loyalty program, and expansion plans.jpg",1
Motorola Moto G 5G and Power 5G: Budget-Friendly Phones with Enhanced Features,"Motorola has announced a price reduction for its Moto G phone line, with the new Moto G 5G starting at $200. The updated model boasts a higher-refresh-rate display than its predecessor. Alongside this, the Moto G Power 5G has also been updated, maintaining its $300 price tag but featuring improved specifications.The Moto G 5G now comes with a 6.6-inch display with a 120Hz refresh rate, supporting Dolby Atmos audio. It is powered by Qualcomm’s Snapdragon 4 Gen 1 chip and features a 50-megapixel main camera and an 8-megapixel front-facing camera. Despite the main lens being paired with a 2-megapixel macro camera, its utility for photographers remains to be seen. The phone also offers 128GB of storage, a 5,000-mAh battery, and 18-watt fast charging.The Moto G Power 5G, on the other hand, boasts a larger 6.7-inch display with similar features to the Moto G 5G, including a 120Hz refresh rate, 128GB of storage, Dolby Atmos audio, and a 5,000-mAh battery. It differentiates itself with a 50-megapixel main camera paired with an 8-megapixel ultrawide lens, a 16-megapixel front-facing camera, and a Mediatek Dimensity 7020 processor. This model also introduces 15-watt wireless charging, a rare feature for phones in this price range.Both phones offer a “RAM boost” feature, allowing users to expand the onboard memory by utilizing the built-in storage. Motorola claims this can increase the Moto G 5G’s memory from 4GB to a similar experience of 8GB, and the Moto G Power’s memory from 8GB to 16GB.However, both phones continue Motorola’s policy of providing only one year of software updates and three years of security updates. This is an area where improvement would be welcomed, particularly as higher-end phones now offer up to seven years of software updates. On a positive note, both phones now support NFC for contactless payments.The Moto G 5G will be available from T-Mobile and Metro by T-Mobile on March 21, with an unlocked version available on May 2. The Moto G Power 5G will be released on Cricket on March 22, with additional carriers and an unlocked model available from March 29.",motorola moto g 5g and power 5g budget-friendly phones with enhanced features.jpg,1
Madonna’s Vancouver Concert Controversy: Insensitivity or Unintentional Mistake?,"Pop icon Madonna has come under fire after a video surfaced online showing her chastising a concert-goer for not standing up, only to discover that the individual was in a wheelchair. The incident occurred during her concert in Vancouver on February 21st, but the video has only recently started to gain traction online. In the video, Madonna can be seen strutting down the runway, pointing at a member of the audience and asking, “What are you doing sitting down over there?” Upon realizing that the individual was in a wheelchair, she quickly apologized, saying, “Oh okay, politically incorrect. Sorry about that. I’m glad you’re here.”The incident sparked outrage on social media, with many criticizing the singer for her insensitivity. One user wrote, “What an absolute disgrace! Shame on her! That’s unacceptable.” Another added, “Politically incorrect isn’t it either. Ableism. If I paid for a seat, I’ll do what I want, sit or stand. Concerts are exhausting, hot etc., nothing wrong with a break.”However, some fans came to Madonna’s defense, acknowledging that she immediately apologized and seemed genuinely remorseful. One user wrote, “It’s good to see Madonna being quick to recognize and apologize for unintentional mistakes. It’s important to be considerate and inclusive of all audience members, regardless of their abilities.”This incident comes on the heels of another onstage mishap last month, where Madonna fell off her chair while performing her hit “Open Your Heart.” Despite the fall, she quickly recovered and continued with her performance.",madonnas vancouver concert controversy insensitivity or unintentional mistake.jpg,1
Eight Sleep Pod 3: Revolutionary Mattress Cover for Enhanced Sleep,"Endorsed by high-profile figures like Elon Musk and Danny Green, the Eight Sleep’s Pod 3 Cover has been making waves in the biohacking world. This innovative mattress cover can heat or cool your bed, potentially improving your sleep quality. Users can adjust the temperature via the Eight Sleep app or set it to autopilot mode for automatic adjustments. The Pod 3 also offers comprehensive sleep tracking. However, these features come at a price. A subscription, starting at $15 per month, is required to access the system’s smart features, and the product itself carries a hefty price tag, starting from $2,045.Despite the high cost and celebrity endorsements, the Pod 3 has proven to be a surprisingly effective sleep aid. The mattress cover, filled with a network of rubber tubing and topped with a plush black material, is comfortable and does not feel like it’s filled with sensors. The cover connects to a device that resembles a desktop PC, which houses a quad-core CPU and pumps heated or cooled water through the mattress cover.Setting up the app and Wi-Fi is a quick process, taking about five minutes. The initial setup requires filling the Pod 3 with water, a process that needs to be repeated a couple of times and takes about 90 minutes each time to pump the water into the system and calibrate. The cover features two distinct sides, allowing for different settings for each partner, a handy feature for couples with different temperature preferences.The system takes about four hours to prime, but the results can be impressive. Users have reported falling asleep in less than five minutes and achieving nearly eight hours of uninterrupted sleep, waking up refreshed and ready for the day. While the high cost and need for a subscription may deter some, the potential for improved sleep quality could make the Eight Sleep Pod 3 a worthwhile investment for others.",eight sleep pod 3 revolutionary mattress cover for enhanced sleep.jpg,1
"Biden’s Interview Transcripts Reveal Sharper Memory, Contradicting Hur’s Report","President Joe Biden’s interview transcripts with Department of Justice investigators reveal a more accurate recall and command of past events than was portrayed in a report by Special Counsel Robert Hur. The interviews, conducted last October, span 268 pages and provide a more detailed picture of Biden’s faculties. Hur, a former Trump administration appointee, was brought on by Attorney General Merrick Garland to investigate how classified documents ended up at Biden’s former Washington, DC office and his Wilmington, Delaware home. In his report, Hur declined to charge Biden for mishandling the documents, stating that he did not believe a jury could be convinced to convict beyond a reasonable doubt. However, he depicted the president as unable to remember specific dates, such as when his late son, Beau Biden, passed away from brain cancer. This portrayal has been used by Republicans to support former president Donald Trump’s unfounded claim that Biden is senile and unfit to serve, while Democrats and legal experts criticized Hur for including derogatory information about a person who was not being charged with a crime.The transcript, however, does not align with Hur’s description of Biden, particularly regarding his memory. On the topic of Beau Biden, the president remembered the exact date of his death, with others in the room mentioning the year. The transcript does not show that the president could not recall the year in question, but rather that two other people interjected with the year after Biden accurately recalled the month and day of Beau’s passing.Hur’s description of the president as being confused about dates appears less accurate when the full transcript of the interview is taken into account. The lines of questioning jump between years and time periods, and at one point, Biden correctly identified a time period related to a photograph of one of his notebooks. Hur, who is set to testify before the House Judiciary Committee, ended his tenure at the Justice Department the day before his testimony, raising concerns among Democrats on the panel. His departure from government service the day before he testifies has been flagged as problematic, as it means he will appear as a private citizen with no constraints on his testimony.","bidens interview transcripts reveal sharper memory, contradicting hurs report.jpg",1
Airbnb Enhances Guest Privacy with New Surveillance Policy,"Airbnb is set to prohibit hosts from using indoor security cameras to monitor guests, marking a significant shift in its surveillance policies. The new rules, effective from April 30, require hosts to remove indoor cameras and disclose any outdoor monitoring technology to guests before booking. Previously, Airbnb permitted hosts to install security cameras in shared spaces, provided they were disclosed, clearly visible, and not located in private areas such as bedrooms and bathrooms. However, this policy has been contentious, with guests reporting instances of hidden cameras in their short-term rentals.While hosts have used cameras to deter guests from hosting large parties or to intervene in disruptive gatherings, guests have viewed this as a breach of privacy. Albert Fox Cahn, founder and executive director of the Surveillance Technology Oversight Project, a pro-privacy organization, expressed gratitude towards Airbnb for prioritizing safety and privacy.Airbnb stated that most of its listings do not mention a security camera, suggesting the policy change may not significantly impact the majority of listings. However, the company will investigate reported violations of the rule and may penalize violators by removing their listings or accounts.The new policy also mandates hosts to inform guests if they are using noise decibel monitors or outdoor cameras prior to booking. These devices are often used by hosts to monitor properties for parties, which have continued to cause noise, damage, and danger despite Airbnb’s party ban and the implementation of new anti-party technology.Furthermore, Airbnb will forbid hosts from using outdoor cameras to monitor indoor spaces and will prohibit surveillance in “certain outdoor areas where there’s a greater expectation of privacy,” such as outdoor showers and saunas. Fox Cahn highlighted that surveillance provides considerable power to those controlling the camera system and can be prone to misuse, especially in rented properties.",airbnb enhances guest privacy with new surveillance policy.jpg,1
Manipulated Images: The Growing Concern and the Role of AI,"The question, “Where is Kate?” has recently caused a stir in the media, highlighting the growing concern over manipulated images. Kate Middleton, the Princess of Wales, had been absent from the public eye following abdominal surgery in January. On March 10, an image of Middleton with her three children was released to mark the UK’s Mother’s Day. However, it was later revealed that the photo had been manipulated, leading to an apology from the princess herself. The incident is the latest in a series of manipulated image controversies involving high-profile figures. The practice, which dates back to the era of Russia’s Joseph Stalin, has become so common that some celebrities have started to publicly criticize it. The royal image, for instance, had telltale signs of manipulation, including oddly faded strands of hair and changing lines on their clothing. In response to this growing issue, companies like Samsung have started to add metadata and watermarks to identify photos manipulated with AI. Other companies are also working on ways to confirm an image’s authenticity. However, there is currently no standard for identifying AI-created or edited images. AI-powered editing tools have also been integrated into popular software like Photoshop, opening up new possibilities for photo editing. These tools can do everything from imagining the world beyond a photo’s borders to turning specific parts of images into stickers. Despite the potential benefits of these technologies, they also pose significant challenges, particularly in the political sphere. AI tools have been used to create fake videos and images, leading to misinformation campaigns. For instance, supporters of former President Donald Trump created images showing him surrounded by fake Black voters. In response to these concerns, President Joe Biden has called for a ban on AI voice impersonation. This followed an incident where scammers created fake recordings of Biden discouraging Democratic voters from casting their ballots. While the recent controversy involving Middleton was not caused by AI, the rapid integration of the technology into image editing suggests that future manipulated photos may be harder to identify. As such, it is becoming increasingly important for individuals to exercise skepticism when viewing images, particularly those shared on social media.",manipulated images the growing concern and the role of ai.jpg,1
Global Regulations on Vaping: WHO Urges Stricter Laws,"The World Health Organization (WHO) has called on governments worldwide to enforce regulations on vaping similar to those on tobacco, including a ban on all flavors. According to a report by WHO, vaping is prohibited in 34 countries, including Brazil, India, Iran, and Thailand. However, the enforcement of these rules is often a challenge, leading to a thriving black market for e-cigarettes. This potential ban could impact major tobacco companies that have been investing heavily in cigarette alternatives. The report also revealed that 74 countries, primarily in Africa, as well as Pakistan, Colombia, and Mongolia, have no regulations on e-cigarettes. In contrast, countries like the US and China permit vaping but have established regulations. For instance, Australians need a prescription to use nicotine-containing e-cigarettes, and the country is grappling with an influx of illegal disposable vapes. From March, Australia will ban the import of any vape not approved as “therapeutic” by the Therapeutic Goods Administration. China, the world’s largest producer of e-cigarettes, introduced several laws in 2021 to control domestic use, including a ban on flavored products. The government has cited health concerns related to youth vaping as the reason for these regulations. In Europe, the European Commission has set regulatory standards for e-cigarettes, including limits on nicotine content and mandatory labels. National governments have also introduced laws governing their use. For example, France prohibits the sale of vapes to people under 18 and bans their use in certain public places. In Japan, e-cigarettes containing nicotine are considered medicinal products, and none have been approved for use yet. Meanwhile, the UK has made vapes a central part of its public health policy, even offering starter kits to smokers to help them quit. However, concerns have been raised about the environmental impact, health risks, and youth vaping due to the influx of flavored disposable vapes. As a result, the UK government announced in January that it would ban disposable vapes and regulate e-cigarette flavors and packaging.",global regulations on vaping who urges stricter laws.jpg,1
Tragic Loss and Rescues on Mount Washington Amidst Winter Storm,"A skier from New Hampshire tragically lost his life on Mount Washington, the highest peak in the northeastern United States, standing at 6288 feet. Two other individuals were rescued from the same location during a challenging operation that spanned a stormy night from Saturday into Sunday. The circumstances surrounding the third skier, who was later confirmed deceased, were not immediately known.The trio of skiers were reportedly in trouble while skiing at Tuckerman Ravine, a popular spot for backcountry skiers, on Saturday afternoon. Two of the rescued individuals sustained non-life-threatening injuries. The conditions in the ravine were icy, according to Colleen Mainville, a spokesperson with the U.S. Forestry Service. She added that the rescue teams had to contend with snow and high winds during the operation. The National Weather Service had issued a winter storm warning for the area, predicting up to a foot of wet, heavy snowfall accompanied by high winds. Further details about the rescue operation were not immediately available due to the inconsistent cellphone coverage on Mount Washington. This incident was not the only rescue operation on Mount Washington in recent days. On Thursday, a man from Kentucky was rescued after he fell and hit his head while hiking off the trail. The man, identified as 23-year-old Joabe Barbosa, was able to call 911 for help. Using his GPS coordinates, rescuers located and assisted him, providing him with boots, food, warm drinks, proper winter gear, and a headlamp before escorting him back to the trail. Barbosa was treated at the Cog Railway base station before being transferred to Littleton Regional Health Care for further treatment. The incidents serve as a stark reminder of the dangers associated with winter sports and hiking, particularly during harsh weather conditions.",tragic loss and rescues on mount washington amidst winter storm.jpg,1
Mumps Outbreak: Vaccination Urged Amidst Cases in New Jersey,"A suspected cluster of mumps cases is currently under investigation by the New Jersey Department of Health. The cases are linked to eight family members from Hunterdon County who had recently traveled internationally. The U.S. Centers for Disease Control and Prevention (CDC) has reported at least 50 cases of mumps from over 20 states this year.Health officials emphasize that vaccination is the most effective protection against mumps. Dr. Kaitlan Baston, the acting health commissioner, advises the public to get the MMR shot to keep safe. Mumps is an infectious disease caused by a virus and is spread through direct contact with saliva or respiratory droplets from an infected person.Mumps outbreaks often occur in settings with frequent close contact, such as college campuses or large gatherings. The disease typically causes swelling of the glands in the head and neck, most often the parotid glands. According to Dr. Mike Smith, chief of pediatric infectious diseases at Duke University School of Medicine, an infected person can spread the infection several days before the glands start to swell and up to five days after.Symptoms of mumps include fever, headache, muscle aches, fatigue, and loss of appetite. Most people recover on their own within two weeks. In rare cases, especially in adults, swelling may occur in other parts of the body. The most common complication in males is inflammation and swelling of the testicles.Cases of mumps fell by more than 99% after the introduction of the MMR vaccine in the U.S. However, outbreaks and cases have been increasing since 2006, mostly in young adults and previously vaccinated individuals. The MMR vaccine, which prevents measles, mumps, and rubella, is recommended for children in two doses and for adults who are not immune.Dr. Aaron Glatt, chief of infectious diseases at Mount Sinai South Nassau Hospital, points out that mumps immunization rates are not where they should be. Only about 90% of children are fully vaccinated for mumps by 24 months of age. There is a chance that immunity will wane and they will get mumps if exposed later in life. In an outbreak setting, a third dose is recommended.Both measles and mumps are caused by viruses that spread disease by respiratory droplets. Worldwide, both diseases are significant problems, with over 100,000 deaths due to measles in the previous year. The MMR vaccine protects against both viral infections, but measles is more contagious than mumps and has the highest mortality rate among the three infections that it protects against.",mumps outbreak vaccination urged amidst cases in new jersey.jpg,1
"Nancy Mace Defends Trump Endorsement Amid Rape Allegations, Shares Personal Experience","In a recent interview, Representative Nancy Mace was questioned about her endorsement of former President Trump, leading to a heated exchange. The interviewer brought up the fact that Trump has been found liable for rape and defamation, asking Mace how she reconciles her endorsement with these findings. Mace responded by revealing that she was a rape victim herself, having been assaulted at the age of 16. She expressed her disappointment with the line of questioning, stating that she has lived with the shame of her experience for 30 years and felt the question was designed to shame her further. The discussion then turned to the allegations of rape against Trump by E. Jean Carroll, a former columnist who claims Trump assaulted her in a New York City department store dressing room in the 1990s. Mace argued that this was not a criminal court case and felt that the question was an attempt to shame her for her political choices. She also criticized Carroll’s comments after the judgment, stating that joking about what she would buy with the money from the case makes it harder for women to come forward. Mace found these comments offensive and reiterated her disapproval of the interviewer’s attempt to shame her with the question. Mace had endorsed Trump for president earlier this year. Carroll, on the other hand, appeared to joke during a television appearance that she planned to go on a shopping spree with the money from her case against Trump. Trump plans to appeal the decision that found him liable for defamatory statements made while denying the rape accusations. Last year, a federal jury in New York City ruled that Trump was not liable for rape, but was liable for sexual abuse and defamation.","nancy mace defends trump endorsement amid rape allegations, shares personal experience.jpg",1
Siya Kolisi’s Springbok Captaincy in Doubt Amid Erasmus’ Preference for Local Leader,"The future of Siya Kolisi as the captain of the South African rugby team, the Springboks, is uncertain, according to head coach Rassie Erasmus. Despite Kolisi’s instrumental role in leading the team to a successful defense of their World Cup title last year, his move from domestic club the Sharks to Paris-based Racing 92 has raised questions about his captaincy. Erasmus has expressed a preference for a captain based locally in South Africa, citing the benefits of increased interaction.Kolisi, aged 32, has been a significant figure in the Springboks, having been chosen as the first black captain of the team in 2018. Despite playing abroad, unlike English players, he is still eligible for selection in the national team. Erasmus acknowledged Kolisi’s current form as some of his best rugby, but remained unsure about his future as the team’s skipper. Erasmus, who recently returned as head coach following Jacques Nienaber’s move to Irish club Leinster, is now focusing on building the next iteration of the team. This comes in light of Duane Vermeulen’s retirement from international rugby and the fact that only Kurt-Lee Arendse and Damian Willemse from the last October’s final team are currently under 30.Erasmus highlighted the challenges of squad building, which involves giving young players opportunities and improving depth. He admitted that this approach might result in losing a few test matches, but emphasized the ultimate goal of winning the World Cup. He stated, “I would rather win the World Cup than sit at an 85 per cent win rate in between.”",siya kolisis springbok captaincy in doubt amid erasmus preference for local leader.jpg,1
Itay Regev’s Harrowing Tale of Captivity Under Hamas,"In a chilling account of his captivity, Itay Regev, a freed hostage, recounted the horrifying ordeal he and his sister Maya endured at the hands of their captors. The siblings were among the 253 people abducted by the Palestinian terror group Hamas during a massive assault on Israel, which included an attack on the Supernova music festival where 364 people were massacred.Regev, 19, and his sister Maya, 21, were attending the music festival when they were abducted and shot in the legs while trying to escape the carnage. The siblings were then taken to Gaza, where they were paraded through the streets amidst cheering crowds. They were later taken to a hospital where a bullet was removed from Regev’s leg without anesthesia, while he was threatened with death if he made any noise.Following the surgery, Regev was moved to a safe house, where he was kept in a locked room without sunlight and fed sparingly. He was subjected to psychological torture, with captors telling him that other hostages had been killed and that the Israeli government didn’t care about him. He also highlighted the complicity of Gaza civilians in assisting Hamas, stating that he felt like a trophy to them.Maya, too, underwent surgery for her injuries. Her foot, which was hanging from her leg, was reattached at an unnatural angle and she is currently undergoing extensive rehabilitation to enable her to walk again. Despite being kept apart, the siblings were allowed to communicate via notes carried by their captors.The siblings were released during a truce in late November. Regev has since been advocating for the remaining 130 hostages still held in Gaza, stating that the international community is not doing enough to secure their release. He emphasized the urgency of their situation, stating that the hostages are living in horrific conditions and are in constant fear for their lives.Israel responded to the Hamas attack with a military offensive aimed at toppling the Hamas regime in Gaza, destroying the terror group, and freeing the hostages. Talks for another truce to release more hostages are ongoing, with Qatari and Egyptian mediators believing that significant progress has been made this week.",itay regevs harrowing tale of captivity under hamas.jpg,1
Qatar’s Influence on US Universities: $4.7 Billion in Funding Raises Concerns,"Despite the absence of visible Qatari symbols in College Station, Texas A&M University has reportedly received $404 million from Qatar between 2015 and 2023. This is part of a larger trend, with a 2022 study revealing that Qatar contributed $4.7 billion to various academic institutions across the United States from 2001 to 2021. This funding, often classified as “gifts” or “restricted agreements”, has raised concerns about its potential influence on attitudes towards Israel in academia.The study, conducted by the Institute for the Study of Global Antisemitism and Policy (ISGAP), suggests a correlation between schools that receive foreign funding and antisemitic or anti-Israel rhetoric, as well as allegations of antisemitic activity. Universities receiving significant funds from Qatar have reportedly shown a willingness to align with anti-democratic norms, such as intolerance of certain types of speech.Critics argue that the commitment to multicultural inclusion often stops where support for Zionism or the Jewish community begins, creating an unwelcoming and unsafe atmosphere for Jews and Israel supporters on many top US campuses. Public records show extensive Qatari investments in US higher education, with schools like Carnegie Mellon University, the University of Virginia, Georgetown University, and Harvard receiving substantial amounts.Ariel Admoni, a PhD student specializing in foreign and domestic relations of Qatar and the Arabian Gulf, suggests that Qatar uses academic institutions as an unofficial arm of the government, providing a platform to convey messages not officially attributed to them. Universities justify their ongoing collaboration with Qatar by citing the need for international dialogue, mutual cultural enrichment, and the enhancement of academic research through social diversity.However, Kenneth Marcus, who leads the Brandeis Center for Human Rights Under Law, warns that cross-cultural exchanges can often bring students “indoctrinated with anti-Jewish propaganda” to campus or send American students to places where they absorb antisemitic attitudes. He also notes that over the last 20 years, anti-Israel attitudes in academia have expanded, affecting a wide range of fields of study.As campuses become battlegrounds over Israeli and Palestinian narratives, many have found it hard to ignore Qatar’s university funding and what that funding could buy. Marcus suggests that the allure of Qatari money may make school administrators less willing to call out antisemitism on campus.",qatars influence on us universities $4.7 billion in funding raises concerns.jpg,1
AI Engineer Devin Highlights Software Industry Concerns,"Software engineers are facing a new challenge as artificial intelligence (AI) continues to advance, potentially threatening their job security. A recent development by a startup called Cognition Labs has brought this issue to the forefront. The company, backed by Peter Thiel’s venture capital fund, has introduced what they call “the first AI software engineer,” named Devin.Despite initial skepticism, Devin has demonstrated impressive capabilities. The AI has successfully passed practical engineering interviews from leading AI companies and completed real jobs on the freelancing platform, Upwork. It can build and deploy apps from start to finish and find and fix bugs. When tested on a benchmark asking AI to resolve issues found in real-world open-source projects on GitHub, Devin managed to fix 13.86% unassisted, a significant increase from the 1.96% of issues a previous top model could correct.Cognition Labs, led by CEO Scott Wu, attributes their success to focusing on “reasoning.” They believe that most AI lacks a basic sense of reasoning, with generative AI tools relying on probability to determine what words make sense to string together in a sentence. However, Cognition thinks that “solving reasoning” can “unlock new possibilities in a wide range of disciplines.”The company presents Devin as a “tireless, skilled teammate” capable of building alongside humans, or independently if left to do that. They believe that with Devin, engineers can focus on more interesting problems and engineering teams can strive for more ambitious goals.However, this development has sparked concern among software engineers. Some argue that the industry is trying to replace one of the few remaining jobs that provide a middle-class income. Others criticize Devin’s efficiency, stating that a developer that gets things done only 13% of the time is a liability, not an asset.These reactions come at a time when software engineers are feeling the pressure. After years of being treated like tech royalty, many have been laid off or asked to produce more as efficiency becomes a guiding principle. The emergence of AI engineers like Devin could potentially trigger sleepless nights for software engineers, as AI continues to threaten various job sectors.",ai engineer devin highlights software industry concerns.jpg,1
OpenAI’s Sora: Pioneering Photorealistic AI Videos,"In an era where seeing is no longer believing, OpenAI has launched Sora, a revolutionary AI system that converts text descriptions into photorealistic videos. This innovative technology, which builds on OpenAI’s existing image generator DALL-E and the sophisticated GPT large language models, can create videos up to a minute long from either text instructions or a combination of text and images. However, the advent of such advanced systems also raises concerns about the potential misuse of artificial deepfake videos, particularly in the context of misinformation and disinformation.Sora’s outputs are significantly more believable and less cartoonish than previous text-to-video AI models, according to cybersecurity expert Rachel Tobac. This development comes as the global incidence of deepfakes has seen a tenfold increase from 2022 to 2023, with significant rises in North America, APAC, Europe, MEA, and Latin America.In response to these concerns, OpenAI is working with experts in misinformation, hateful content, and bias to test the Sora model. They are also developing tools, including a detection classifier, to identify misleading content and videos generated by Sora. However, the question remains whether these measures will be sufficient to counter the potential wave of misinformation and deepfakes that could follow Sora’s wider adoption.Over 70% of businesses have not taken any concrete steps to prepare for or protect themselves from deepfakes. Both individuals and enterprises should strengthen their cyber defenses, starting with adopting a zero-trust model. This model operates on the principle of “never trust, always verify,” requiring verification from anyone trying to access resources in the network.In the context of AI-generated content, zero-trust principles should extend to validating the content that circulates within and outside enterprises. Alarmingly, almost half of organizations consider the zero-trust model a moderate or low priority. To strengthen cybersecurity strategies, access controls should dynamically adjust based on user context and behavior, AI-driven analysis tools should be used to detect anomalies in video and audio, and multifactor authentication and digital certificates should be implemented to ensure thorough verification.As AI-generation models like Sora open a Pandora’s box of potential misuse, the cybersecurity industry faces the challenge of integrating zero-trust principles against AI-generated images and videos. The future of this battle remains uncertain.",openais sora pioneering photorealistic ai videos.jpg,1
Boeing CEO Stays Amid Year of Crises,"2024 has been a turbulent year for Boeing, with a barrage of negative headlines ranging from mid-air emergencies to deep-seated business issues. Despite this, CEO Dave Calhoun remains at the helm, a fact that has left many industry observers perplexed. Boeing’s stock has plummeted by over a quarter this year, with a mid-flight blowout in January sparking multiple federal investigations. These investigations suggest that Boeing workers may have neglected to install essential bolts after conducting repairs.Boeing has stated that it is actively cooperating with regulatory investigations and is implementing plans to enhance safety measures at its production facilities. However, the company’s troubles extend beyond this incident. A Boeing 787 Dreamliner recently experienced a mid-air plunge, injuring 50 passengers, and a Boeing whistleblower tragically died in an apparent suicide on the day he was due to testify about safety concerns.Despite these issues, Calhoun, who has been CEO since 2020, remains in his position, as does the rest of the C-suite. Calhoun’s total compensation was increased to $22.5 million in 2022, even amidst problems with the 777 program and quality control issues with the 787 that led regulators to halt the company’s deliveries.Calhoun inherited a company in crisis, following two fatal 737 Max crashes that resulted in a nearly two-year grounding of the plane and plunged the company into a prolonged crisis. However, critics argue that Boeing’s problems began with the 1997 merger with McDonnell Douglas, which saw profit prioritized over quality.Despite Calhoun’s efforts, Boeing has been unable to resolve its significant problems. Critics argue that for Boeing to regain trust, significant changes need to be made at the executive level. However, there is little expectation that the board of directors will take such action.",boeing ceo stays amid year of crises.jpg,1
Florida Police Acts to Expedite Squatter Evictions,"In a unanimous decision, the Florida Legislature has passed a bill that will empower police to immediately remove squatters from properties, a significant departure from the protracted court proceedings currently required. The legislation, which has already been approved by both chambers, will allow law enforcement to evict squatters who do not possess a lease authorized by the property owner, and will also introduce criminal penalties for such actions.This legislative change comes as a response to the plight of landlords like Patti Peeples, a Florida property owner who was barred from her own home for over a month by squatters. The squatters left her home with thousands of dollars in damage, highlighting the urgent need for more effective legal recourse for landlords.Under the current law, landlords often have to endure a costly and lengthy legal process to evict squatters. This new legislation, however, is expected to expedite the process and provide landlords with more immediate relief.Despite initial opposition from advocacy group Florida Rising, who feared landlords could misuse the legislation to quickly evict legitimate tenants, the group has since adopted a neutral stance after amendments were added to protect legal occupants.The bill, which is now awaiting Governor Ron DeSantis’ signature, will also allow tenants who have been wrongfully evicted to sue for re-entry, as well as recover attorneys’ fees and damages.In Peeples’ case, the squatters who occupied her home claimed to be victims of a rental scam and produced a lease, a tactic they had used before. It took weeks to evict them, and by the time they were removed, Peeples’ home had suffered significant damage.The proposed legislation will make it a misdemeanor to intentionally present a false lease and a felony to sell or lease someone else’s property. It will also be a felony to cause more than $1,000 in property damage.Peeples’ experience has motivated her to create a website to assist other landlords in dealing with squatters. The squatters who occupied her home never faced criminal charges, a situation that could change if the new legislation becomes law.",florida police acts to expedite squatter evictions.jpg,1
NCAA Scrutinized for Transgender Policy Research Gap,"In a recent revelation, former NCAA official William Bock III has brought to light the organization’s lack of research into the potential harm of its policy allowing males identifying as women to participate and compete on women’s teams. This comes in the wake of the NCAA’s controversial decision to allow University of Pennsylvania trans athlete Lia Thomas to compete in women’s swimming, a move that has been criticized for sidelining female athletes.The NCAA has been accused of disregarding the rights and achievements of female athletes in favor of trans-identifying males. This has led to situations where champion swimmers like Riley Gaines and Kylee Alons have had to step aside for Thomas, with Alons even having to dress in a storage closet to protect her privacy from a biological male in the locker room. Despite these incidents, the NCAA has not conducted any research into the potential physical, emotional, and psychological harm of its transgender inclusion policy on female athletes.This lack of research was confirmed by NCAA President Charlie Baker in a letter to the U.S. Senate Judiciary Committee. When asked by Sen. Mike Lee whether the NCAA had assessed the harm of its transgender inclusion policy on female athletes, Baker admitted that no such research had been conducted. This admission is particularly significant given the NCAA’s history of erasing female athletes’ achievements, as seen with the University of Iowa’s Caitlin Clark, who recently broke the NCAA Division I career scoring record.The NCAA’s policy has been criticized for allowing trans-identifying men to break records in women’s sports, potentially risking the safety of female athletes, suppressing their athletic achievements, and even taking their scholarships. This has led to calls for the NCAA to halt its trans participation policy until it has been properly evaluated for its potential harm to female student-athletes.Furthermore, the NCAA’s Chief Medical Officer and the committee on Competitive Safeguards and Medical Aspects of Sport (CSMAS), who are responsible for the NCAA’s transgender policy, have come under scrutiny for defending the trans-inclusion framework without researching its potential harm. This issue was further compounded when the CSMAS appointed Dr. Jack Turban, a known medical activist in trans-policy circles, to its committee last fall.In conclusion, the NCAA’s lack of research into the potential harm of its transgender inclusion policy has raised serious concerns about the organization’s commitment to protecting the rights and achievements of female athletes.",ncaa scrutinized for transgender policy research gap.jpg,1
Colombian Emeralds: Women Break Mining Traditions,"In the intense heat of the Colombian emerald mines, a new group of workers is challenging the traditional male dominance in the industry – women. Armed with power tools, these women are chipping away at boulders in search of gems, driven by the lack of job opportunities and the hope of striking it rich. Colombian emeralds, renowned globally for their quality, can fetch thousands of dollars, but most in the industry are far from wealthy.Yaneth Forero, a miner at a small, informal mine near the town of Coscuez, where production has long been centered, shares her struggle. Despite the hardships, she continues to mine, dreaming of a better life. However, the majority of the emerald profits go to merchants and large companies that have invested millions in technologies to find the most valuable stones. Workers at small, unregulated mines like Forero, who still use dynamite sticks to open tunnels, have a slim chance of finding the emeralds that can change their lives.Despite the challenges, the women miners persist. They work in the mines, and then return home to care for their children and perform domestic tasks. Flor Marina Morales, another miner, started working in the mines to provide for her children. Now, her children are studying psychology and law at university, offering a different outlook on life.The involvement of women in the mines was unthinkable a few decades ago in Colombia. Older villagers recall that men previously barred women from approaching the mines, believing that the presence of women would cause the emeralds to hide. However, the area has become less violent after a series of peace deals, and now there are 200 women working in the mines around Coscuez.These women are not only working in the mines but are also striving to get the government to officially recognize them as artisanal miners. This recognition would give them the right to legally exploit the mines, provide more stability, and make it easier to get loans. Despite the hardships, these women continue to labor in the mines, hoping for a better future.",colombian emeralds women break mining traditions.jpg,1
Hostage Crisis: Dim Hope as Ramadan Truce Falters,"The families of hostages held by terrorists in Gaza since October 7 are sinking into despair as each day passes without a resolution. Hopes were high that a ceasefire deal would have been reached by the start of Ramadan, the Muslim holy month, but no agreement was made. The promise of “total victory” by Prime Minister Benjamin Netanyahu now seems empty to these families who have been enduring five months of emotional turmoil.On October 7, Hamas-led terrorists invaded southern Israel, killing approximately 1,200 people, mostly civilians, and taking 253 hostages. This sparked a war that has left many families in a state of constant worry and fear for their loved ones. Some hostages have been released or rescued, but many remain in captivity.The families of the hostages have been doing everything in their power to bring their loved ones home. Some have traveled to the UN in New York, others have marched to Jerusalem from southern Israel, and many have participated in the Jerusalem marathon wearing red shirts with the words “Bring them Home”. However, for some families, the situation has led to silent suffering.International mediators had hoped to broker a pre-Ramadan deal that would include a six-week ceasefire, the release of dozens of Israeli hostages and Palestinian prisoners, and the entry of a large amount of humanitarian aid into Gaza. However, Israel insists that any ceasefire must be temporary and that its ultimate goal is the destruction of Hamas and the return of all hostages. Hamas, on the other hand, states that it will only release the hostages as part of a deal that ends the war.The families of the hostages are desperate for updates on the status of their loved ones. Some have received snippets of information from hostages released in November, but many are still in the dark. The uncertainty and lack of information have taken a toll on these families, with some members contemplating suicide, others stopping school or work, and many experiencing significant weight loss and sleep deprivation.Despite the hardship, the families remain hopeful and continue to press for the release of their loved ones. As the first full day of Ramadan came to a close, they watched the sunset with the thought, “today is the day”. But unfortunately, it was just another day.",hostage crisis dim hope as ramadan truce falters.jpg,1
"US Endorses Rafah Mission, Urges Israel on Safety","US officials have reportedly communicated to Israel that the Biden administration would back a targeted operation in Rafah, Gaza’s southernmost city, focusing on significant Hamas targets. This approach would be a deviation from a large-scale offensive. Rafah is considered the last stronghold of Hamas, housing its final four battalions. The city also serves as a refuge for over a million displaced Gazans, fleeing from conflict in the northern and central parts of the Palestinian enclave.Israel has been cautioned by other nations against an invasion of Rafah. The Israel Defense Forces are currently formulating a plan to safeguard civilians. Top US administration officials have privately indicated to the Israelis that the US would support a strategy for “counterterrorism operations” in Rafah, rather than a full-scale war. An Israeli official has stated that some form of offensive in Rafah is inevitable, as victory cannot be achieved without defeating Hamas’s battalions in Rafah.Defense Minister Yoav Gallant has suggested that Israel will soon initiate a ground operation in Rafah. He emphasized that there is no safe place for terrorists in Gaza and those involved in the October 7 attacks will either be eliminated or brought to trial in Israel.US President Joe Biden has previously stated that a major Rafah operation would be a “red line” for his administration. However, he did not elaborate on the potential consequences if such a campaign proceeded. US national security adviser Jake Sullivan clarified that a military operation in Rafah that does not protect civilians and disrupts humanitarian assistance would not be supported.Despite this, Sullivan stressed that defeating Hamas remains a goal backed by Washington. The administration is concerned about both the protection of civilians and Israel being able to sustain a campaign that ensures the security of its people, the defeat of Hamas, and a long-term solution to stability and peace in the region.The conflict was triggered by the October 7 attack on Israel by Hamas, which resulted in the death of 1,200 people and the abduction of 253 individuals. Israel responded with a military campaign to topple the Hamas regime in Gaza, destroy the terror group, and free the hostages. The Biden administration has been urged by fellow Democrats to push Israel to alleviate the humanitarian crisis in Gaza caused by the fighting.","us endorses rafah mission, urges israel on safety.jpg",1
"Customer Satisfaction Rises, Non-Tesla EV Owners Lag","The latest J. D. Power 2024 Customer Service Index (CSI) reveals an increase in overall customer satisfaction at dealerships, but a decline among non-Tesla electric vehicle (EV) owners. The CSI, based on responses from 64,781 registered owners and lessees of 2021 to 2023 model-year vehicles, showed an overall industry score of 851, a five-point increase from the previous year. However, non-Tesla EV owners expressed dissatisfaction, primarily due to poor execution of recalls.Around 25% of EV service currently involves recalls, and feedback on these has been less than stellar. Non-Tesla EV customers have shown a lack of trust in their dealerships’ ability to perform complex repairs or provide useful guidance. Dealer trust among non-Tesla owners stood at 5.62 on a seven-point scale, compared to 6.0 for gasoline-powered vehicle owners and 5.74 for plug-in hybrid owners.Interestingly, Tesla, which was not rated as part of the CSI, would have scored around 850, according to Chris Sutton, vice president of automotive retail at J. D. Power. Tesla’s success is attributed to its use of mobile service, where servicing is done at the customer’s home or office, a convenience highly appreciated by customers.The study also highlighted a significant increase in the cost of repairs over the past two years. The average amount spent on a recent dealer service visit rose 30% for both premium and mass-market vehicles. The average bill for premium vehicle owners was $380, up $66 from 2023, while mass-market vehicle owners paid $140, a year-over-year increase of $15. Inflation and higher costs for parts and labor were cited as reasons for these increases.In terms of individual brand performance, Lexus topped the premium brands with a score of 897, followed by Porsche at 894 and Cadillac at 883. Buick led the mass-market brands with a score of 887, followed by MINI at 884 and Subaru at 877.Despite the rise in the average industry score, the study identified ongoing issues such as longer wait times for service appointments and repairs. These issues have driven 35% of mass-market brand customers to aftermarket repair shops, where waits are shorter and prices are lower. However, dealers are leveraging technology to improve communication with customers and reduce waiting times.","customer satisfaction rises, non-tesla ev owners lag.jpg",1
Growing Concern for Jackie & Shadow’s Unhatched Eagle Eggs,"Internet sensations Jackie and Shadow, a pair of bald eagles residing in the Big Bear Valley of California, are the subject of growing concern as their three eggs, laid in late January, have yet to hatch. Despite the passing of the expected hatching date, the eagles continue to dutifully incubate their eggs, high up in a pine tree, as thousands of online viewers watch with bated breath.The livestream of the eagle’s nest, managed by the nonprofit organization Friends of Big Bear Valley (FOBBV), has attracted nearly a million followers on YouTube and Facebook. The camera, which operates 24/7, offers viewers a unique insight into the complex dynamics of Jackie and Shadow’s relationship. The eagles share responsibilities, from nest building to egg-sitting, and even the occasional squabble over who gets to be on egg duty.Despite the human acceptance of the eggs’ likely failure, the eagles persist in their parental duties. This isn’t the first time Jackie and Shadow have faced such a predicament. In 2023, the couple’s two eggs also failed to hatch, a stark contrast to their successful hatching and raising of chicks in 2019 and 2022.FOBBV executive director Sandy Steeds, in a March 11 update, explained that the reasons for the eggs not hatching remain unknown. Factors such as environmental conditions, including temperature and humidity, or biological issues at the time of the eggs’ creation, could be potential causes.The FOBBV team acknowledges the emotional investment of the online community in Jackie and Shadow’s parenting journey. Steeds expressed gratitude for the continued support and understanding of viewers, even amidst the emotional turmoil that nature can sometimes provoke.Jackie and Shadow have become symbolic figures for the biologically diverse Big Bear Valley, located within the San Bernardino National Forest. Despite the disappointment and sadness shared by their Facebook fans, there remains a deep appreciation for the eagles and their livestream. As Steeds put it, Jackie and Shadow continue to do what they do best – being eagles and living in the moment.",growing concern for jackie & shadows unhatched eagle eggs.jpg,1
Dewji’s $250 Vision for Transforming African Agriculture,"Mohammed “Mo” Dewji, a billionaire entrepreneur from Tanzania, has ambitious plans to revolutionize agriculture in Africa. Dewji, who owns a range of businesses through his conglomerate MeTL Group, is seeking to invest $250 million to buy and mechanize 100,000 hectares of farmland in Tanzania. The crops grown would be used to feed his own businesses, with any surplus sold to other Tanzanian firms, African countries, and even European customers.Dewji’s vision was inspired by the aftermath of Russia’s invasion of Ukraine, which led to soaring food and fertilizer prices and worsened poverty and malnutrition conditions in Africa. He believes that larger, more efficient farms could help alleviate Tanzania’s food insecurity. Despite being the second biggest receiver of foreign aid in Sub-Saharan Africa, Tanzania still faces high levels of poverty, largely due to its dependence on low productivity agriculture.However, Dewji’s plans have not been without controversy. His proposed acquisition of Tanzanian land has been met with accusations of land-grabbing, and concerns about corruption and the potential displacement of villagers and small-scale farmers. Dewji has assured that those displaced by MeTL will be given new land to continue their farming, and that the company will fund new infrastructure such as roads, hospitals, schools, and water systems.Despite these assurances, research has shown that large-scale land purchases for agribusiness can exacerbate farmland inequality and do not necessarily lead to improvements in local well-being. However, Dewji remains optimistic about his plans, stating that he wants to prove his agribusiness model works in Tanzania before raising money from global investors to replicate it in other African countries.Dewji’s long-term goal is to invest over $1 billion across 400,000 hectares in at least three countries, including Zambia and Mozambique. However, it remains to be seen whether these plans will come to fruition. Despite his global ambition and entrepreneurial spirit, Dewji has faced challenges in securing the necessary land and funding for his agribusiness venture. Regardless of the outcome, Dewji’s plans represent a bold attempt to address food insecurity in Africa through large-scale, mechanized farming.",dewjis $250 vision for transforming african agriculture.jpg,1
Japan Court: Same-Sex Marriage Ban Unconstitutional,"In a landmark ruling, Japan’s high court has declared the country’s ban on same-sex marriages as unconstitutional, urging the government to address the issue. This decision is significant as Japan is the only G7 nation that does not provide equal legal rights or protections to same-sex couples. The ruling was issued by the Sapporo High Court in the northern province of Hokkaido, following a similar historic decision by the Sapporo District Court in 2021.On the same day, the Tokyo District Court also stated that the country’s lack of legal recognition for same-sex marriages was a “state of unconstitutionality.” However, both courts denied the plaintiff’s request for damages from the government, who they accused of negligence for not amending the country’s laws. A series of similar lawsuits have been filed at five district courts across the nation.The Sapporo High Court expressed strong expectations that the parliament would eventually “institutionalize” same-sex marriages, emphasizing that living in accordance with one’s gender identity and sexual orientation is an inalienable right. A judge in the Tokyo High Court echoed this sentiment, stating that the lack of legal recognition for same-sex couples was a “deprivation of a key part of their personal identity.”Reacting to the rulings, advocacy group Marriage For All Japan urged the Japanese Parliament to take the judiciary’s criticisms seriously and start legislative work to recognize same-sex marriages. The group also announced plans for a rally outside the Japanese Diet building.Despite these rulings, the outcomes of similar cases have been mixed. In 2022, the Osaka district court dismissed a similar lawsuit, stating the restrictions were not unconstitutional. However, the Nagoya District Court ruled the ban was unconstitutional last year. The Japanese government, led by Prime Minister Fumio Kishida, has argued that the constitution only recognizes marriage between heterosexual couples and has been hesitant about making changes. Nevertheless, support for same-sex marriages in Japan has continued to grow, with a poll from last year showing 72% support. While some local governments in Japan offer certificates to same-sex partners with limited benefits, Japan remains the only G7 nation that does not legally recognize or offer protections for same-sex unions.",japan court same-sex marriage ban unconstitutional.jpg,1
"2024 Bitcoin Halving: Price, Mining & Market Impact","Bitcoin’s value has been skyrocketing recently, reaching new record highs. This surge is believed to be linked to the upcoming “halving” event, a built-in feature of the cryptocurrency designed to limit supply and has traditionally been associated with increased prices and heightened interest in the crypto sector.Bitcoin operates on a decentralized computer network that records every transaction related to the cryptocurrency in distinct “blocks” of information. These blocks are added to the blockchain through a process known as mining, which involves solving complex mathematical problems and rewards miners with new bitcoin. The reward for mining decreases over time, halving every time 210,000 blocks are added to the network. This feature is designed to limit supply by slowing down the rate of production.Bitcoin halvings have occurred three times in the past, in 2012, 2016, and 2020, each time reducing the reward for mining a block. The next halving event is projected to take place in April 2024, reducing the reward for mining each block to 3.125 bitcoin. It’s important to note that halving only affects the rate at which new bitcoin is created and does not change the amount or value of the existing tokens in circulation.The speculative nature of the crypto markets makes it challenging to determine whether changes in value are due to halving events or other factors. However, crypto enthusiasts often point to historical rises in bitcoin prices around halving events. Despite this, there is little evidence to suggest that halving, rather than other factors such as monetary policy or changes in consumer behavior, is the cause.The halving event will likely impact the economy of bitcoin mining, as it will require double the amount of energy and resources to earn the same amount of bitcoin. This could drive miners to lower costs and improve efficiency in their operations.Bitcoin currently holds a value of about $1.4 trillion, approximately half of the $2.9 trillion cryptocurrency market. It has seen an impressive rally in recent weeks, with gains this year of around 80%, and reached an all-time high of over $72,000. Other cryptocurrencies, like ether, have also reached levels not seen in two years as the market recovers from a series of crashes and scandals.While the ongoing rally could be driven by the impending halving event, other factors such as investor enthusiasm for cryptocurrency and the approval of bitcoin exchange-traded funds (ETFs) could also be contributing. Current high prices may already factor in any price rise anticipated by the halving event, and there is no guarantee prices would continue to rise afterwards.Bitcoin was designed with a maximum supply cap of 21 million to curb inflation often seen in traditional currencies. More than 19 million bitcoins are currently in circulation. If halving continues at the current rate, bitcoin will continue to be minted until roughly 2140.","2024 bitcoin halving price, mining & market impact.jpg",1
Overair’s Struggles Cast Doubt on Electric Air Taxi Industry,"Abraham Karem, the creator of the Predator drone, is now facing challenges with his latest venture, Overair. The startup, which aims to develop an electric air taxi for urban commuting, is reportedly struggling with slow progress on its first prototype and is running low on capital. This has led to a significant number of staff departures, including multiple C-suite executives.Overair, which was established from Karem’s primary company, Karem Aircraft, in 2019, is developing an electric-powered aircraft that takes off and lands vertically like a helicopter but flies like an airplane. The company’s unique rotor technology, developed by Karem, is touted as its competitive edge. However, the company’s struggles could potentially signal difficulties for other startups in the space.The company’s sole outside investor, South Korean industrial conglomerate Hanwha, has invested $170 million into Overair. However, the company’s slow pace, attributed to slow decision-making by CEO Ben Tigner and the board, has reportedly frustrated Hanwha. Overair has also approached other electric aircraft developers for potential partnerships or a sale, but with limited success.Despite these challenges, Overair has made some commercial progress. It has secured nonbinding agreements for the sale of 70 aircraft to companies in India and South Korea and partnered with Dallas-Ft. Worth Airport to prepare for air taxi operations. However, delays to the first flight and a receding target for going to market make it difficult to raise more money.Overair’s aircraft, named Butterfly, features four tilting rotors with blades larger than those of competitors. The company claims this will make Butterfly quieter and allow it to use less energy, potentially overcoming the limitations in battery density that threaten to reduce the useful range of air taxis from competitors.Despite the current difficulties, there are still believers in Karem’s technology. The U.S. Navy awarded Overair a $240,000 contract in December to develop its individual blade control technology for potential military use. However, the company’s future remains uncertain as it continues to grapple with its challenges.",overairs struggles cast doubt on electric air taxi industry.jpg,1
Palantir Israel Policy Causes Staff Exit; CEO Upholds View,"Palantir’s CEO, Alexander Karp, has revealed that the company has lost employees due to its public support for Israel. The American data analytics firm, known for providing artificial intelligence models to various militaries, including those of Israel and Ukraine, has been vocal about its stance on the Middle East conflict.In a recent interview, Karp stated, “We’ve lost employees. I’m sure we’ll lose employees. If you have a position that does not cost you ever to lose an employee, it’s not a position.” This statement comes in the wake of the company’s first board meeting of the year, held in Tel Aviv in January, where it was announced that a partnership had been agreed upon with the Israeli Ministry of Defense to supply technology to aid the country’s war effort.Karp further emphasized that the issue extends beyond Israel, questioning, “Do you believe in the West? Do you believe that the West has created a superior way of living. Are you willing to admit you believe that?”Palantir has been open about its support for Israel, especially following a series of terrorist attacks launched by Hamas on October 7, which resulted in the death of more than 1,400 people. In response, Israel initiated a full-scale attack on Gaza, leading to the displacement of over 75% of Gaza’s population and the death of at least 31,341 people, according to Gaza’s Hamas-run health ministry.While the CEOs of major US-based companies, including Apple, Google, Microsoft, and BlackRock, condemned Hamas following the attack, few have continued to express support for Israel as explicitly as Karp. This has led to some controversy, with over 600 Google employees signing a letter asking the tech giant to sever ties with a conference promoting Israeli tech companies.Palantir’s support for Israel continues to be a contentious issue, with the potential for further employee loss. However, the company has yet to comment on the matter.",palantir israel policy causes staff exit; ceo upholds view.jpg,1
Trader Joe’s Mini Tote Bags: The Latest Consumer Craze,"The latest consumer fad to sweep the nation is none other than Trader Joe’s mini tote bags. The limited-edition canvas bags, which are a smaller version of the store’s normal-sized bags, have become a hot commodity. Available in blue, yellow, red, and green, the bags are being snapped up by eager shoppers and are even being resold for hundreds of dollars on eBay.The mania surrounding these tote bags is indicative of the speed at which consumer trends can rise and fall in today’s society. The rapidity of these cycles is due in part to the influence of social media platforms like TikTok and Instagram, which can quickly amplify and spread trends.Charles Lindsey, an associate professor of marketing at the University of Buffalo, explains that the product life cycle – introduction, growth, maturity, and decline – is expedited in the modern age. This acceleration is due to a combination of factors, including the novelty of the product, its scarcity as part of a limited run, and its affordability.Social media adds fuel to the fire. Valeria Penttinen, an assistant professor of marketing at Northern Illinois University, points out two key factors. First, there’s the fear of missing out, which induces a sense of urgency in consumers. Second, there’s the opportunity to share online, signaling status and belonging to others.Interestingly, the latest viral items are often mundane, everyday objects. Jaehee Jung, a professor of fashion and apparel studies at the University of Delaware, explains that functional products are now being used as fashion items.However, the excitement surrounding these items often fades quickly. As Jung points out, “When you actually have it, you get bored. That’s why people move on to another item.” This continuous cycle of consumer trends shows no sign of slowing down, with the next viral product likely just around the corner.",trader joes mini tote bags the latest consumer craze.jpg,1
